[{"name":"ping","success":114,"failed":11,"lastUpdate":1703262973985},{"name":"blur","success":73,"failed":0,"lastUpdate":1702255537225},{"name":"math","success":51,"failed":6,"lastUpdate":1702770131540},{"name":"dashboard","success":44,"failed":0,"lastUpdate":1703059274688},{"name":"help","success":93,"failed":2,"lastUpdate":1703333375708},{"name":"tts","success":20,"failed":2,"lastUpdate":1702522147321},{"name":"tebakanime","success":29,"failed":1,"lastUpdate":1703261568500},{"name":"limit","success":33,"failed":6,"lastUpdate":1703263009302},{"name":"family100","success":13,"failed":3,"lastUpdate":1702368772333},{"name":"antidelete","success":12,"failed":0,"lastUpdate":1702091202678},{"name":["afk"],"success":9,"failed":0,"lastUpdate":1702600520524},{"name":"addpremium","success":3,"failed":0,"lastUpdate":1702212896077},{"name":"listpremium","success":2,"failed":0,"lastUpdate":1702256935960},{"name":"menu","success":1,"failed":1,"lastUpdate":1702350887411},{"name":"runtime","success":1,"failed":0,"lastUpdate":1702257223731},{"name":["afk"],"success":1,"failed":0,"lastUpdate":1702273383775},{"name":["afk"],"success":1,"failed":0,"lastUpdate":1702273392043},{"name":["afk"],"success":1,"failed":0,"lastUpdate":1702273409034},{"name":["afk"],"success":1,"failed":0,"lastUpdate":1702273499492},{"name":["afk"],"success":1,"failed":0,"lastUpdate":1702273562315},{"name":["afk"],"success":1,"failed":0,"lastUpdate":1702273581846},{"name":["afk"],"success":1,"failed":0,"lastUpdate":1702273593007},{"name":"dashboard","success":0,"failed":1,"lastUpdate":1702132191742},{"name":"dashboard","success":0,"failed":1,"lastUpdate":1702132360791},{"name":"dashboard","success":0,"failed":1,"lastUpdate":1702132385347},{"name":"dashboard","success":0,"failed":1,"lastUpdate":1702134498717},{"name":"runtime","success":0,"failed":1,"lastUpdate":1702257223737},{"name":"dashboard","success":0,"failed":1,"lastUpdate":1702264482741},{"name":"help","success":0,"failed":1,"lastUpdate":1702351008048},{"name":"addpremium","success":0,"failed":1,"lastUpdate":1702357586664},{"name":"linkgroup","success":4,"failed":0,"lastUpdate":1702523340694},{"name":"linkgroup","success":0,"failed":1,"lastUpdate":1702523144661},{"name":"promote","success":2,"failed":0,"lastUpdate":1702523215298},{"name":"linkgroup","success":0,"failed":1,"lastUpdate":1702523326136},{"name":"revoke","success":3,"failed":2,"lastUpdate":1702525278110},{"name":"tictactoe","success":11,"failed":2,"lastUpdate":1702599257126},{"name":"tictactoe","success":0,"failed":1,"lastUpdate":1702561312919},{"name":"cekme","success":8,"failed":0,"lastUpdate":1703263017750},{"name":"cekme","success":0,"failed":1,"lastUpdate":1702594801189},{"name":"add","success":35,"failed":14,"lastUpdate":1702679903617},{"name":"buyprem","success":72,"failed":15,"lastUpdate":1703262988383},{"name":"buyprem","success":0,"failed":1,"lastUpdate":1702776987010},{"name":"play","success":14,"failed":4,"lastUpdate":1703114342631},{"name":"play","success":0,"failed":1,"lastUpdate":1702967026840},{"name":"tiktok","success":1,"failed":0,"lastUpdate":1702967068977},{"name":"instagram","success":1,"failed":0,"lastUpdate":1702967079306},{"name":"ytmp4","success":4,"failed":3,"lastUpdate":1703054369488},{"name":"ytmp3","success":1,"failed":0,"lastUpdate":1703053736529},{"name":"stats","success":30,"failed":0,"lastUpdate":1703324911310},{"name":"stats","success":0,"failed":1,"lastUpdate":1703116967344},{"name":"buyprem","success":0,"failed":1,"lastUpdate":1703211459336},{"name":"buyprem","success":0,"failed":1,"lastUpdate":1703211734199},{"name":"cekpremium","success":5,"failed":0,"lastUpdate":1703260266021},{"name":"buyglimit","success":6,"failed":3,"lastUpdate":1703262621742},{"name":"buylimit","success":2,"failed":0,"lastUpdate":1703262996516},{"name":"whatmusic","success":15,"failed":2,"lastUpdate":1703336388476},{"name":"whatmusic","success":0,"failed":1,"lastUpdate":1703333408835},{"name":"whatmusic","success":0,"failed":1,"lastUpdate":1703333580970},{"name":"whatmusic","success":0,"failed":1,"lastUpdate":1703333655668},{"name":"whatmusic","success":0,"failed":1,"lastUpdate":1703333876045},{"name":"whatmusic","success":0,"failed":1,"lastUpdate":1703333902433},{"name":"whatmusic","success":0,"failed":1,"lastUpdate":1703335986842}]