[
    {
        "index": 0,
        "img": "https://cdn.myanimelist.net/images/characters/14/359847.jpg",
        "jawaban": "Ayano",
        "deskripsi": "Dari anime *HANEBADO*."
    },
    {
        "index": 1,
        "img": "https://cdn.myanimelist.net/images/characters/8/327550.jpg",
        "jawaban": "Rein",
        "deskripsi": "Dari Anime *DARWINS GAME*."
    },
    {
        "index": 2,
        "img": "https://cdn.myanimelist.net/images/characters/3/268589.jpg",
        "jawaban": "Tsubaki",
        "deskripsi": "Dari Anime *Brothers Conflict*."
    },
    {
        "index": 3,
        "img": "https://cdn.myanimelist.net/images/characters/16/264753.jpg",
        "jawaban": "Osamu",
        "deskripsi": "Dari Anime *WORLD TRIGGER*."
    },
    {
        "index": 4,
        "img": "https://cdn.myanimelist.net/images/characters/5/312359.jpg",
        "jawaban": "Basara toujou",
        "deskripsi": "Dari anime *shinmai maou testament*."
    },
    {
        "index": 5,
        "img": "https://cdn.myanimelist.net/images/characters/4/264225.jpg",
        "jawaban": "Nio hashiri",
        "deskripsi": "Dari anime *akuma no riddle*."
    },
    {
        "index": 6,
        "img": "https://cdn.myanimelist.net/images/characters/2/105538.jpg",
        "jawaban": "Neji Hyuuga",
        "deskripsi": "DARI ANIME *NARUTO SHIPPUDEN*."
    },
    {
        "index": 7,
        "img": "https://cdn.myanimelist.net/images/characters/9/179601.jpg",
        "jawaban": "Akane Tsunomori",
        "deskripsi": "DARI ANIME *pyscho pass*."
    },
    {
        "index": 8,
        "img": "https://cdn.myanimelist.net/images/characters/8/385948.jpg",
        "jawaban": "Aoi akane",
        "deskripsi": "DARI ANIME *jibaku shounen hanako-kun*."
    },
    {
        "index": 9,
        "img": "https://cdn.myanimelist.net/images/characters/3/307566.jpg",
        "jawaban": "mikoto mikoshiba",
        "deskripsi": "DARI ANIME *gekkan shoujo nozaki-kun*."
    },
    {
        "index": 10,
        "img": "https://cdn.myanimelist.net/images/characters/15/423949.jpg",
        "jawaban": "maki zenin",
        "deskripsi": "DARI ANIME *JUJUTSU KAISEN*."
    },
    {
        "index": 11,
        "img": "https://cdn.myanimelist.net/images/characters/9/282968.jpg",
        "jawaban": "Takumi usui",
        "deskripsi": "DARI ANIME *KAICHOU WA MAID SAMA*."
    },
    {
        "index": 12,
        "img": "https://cdn.myanimelist.net/images/characters/6/271395.jpg",
        "jawaban": "kirito kamui",
        "deskripsi": "DARI ANIME *PSYCO PASS 2*."
    },
    {
        "index": 13,
        "img": "https://cdn.myanimelist.net/images/characters/15/222839.jpg",
        "jawaban": "hotaru ichijou",
        "deskripsi": "DARI ANIME *NON NON BIYORI MOVIE*."
    },
    {
        "index": 14,
        "img": "https://cdn.myanimelist.net/images/characters/14/87812.jpg",
        "jawaban": "mizaki ayuma",
        "deskripsi": "DARI ANIME *KAICHOU WA MAID SAMA*."
    },
    {
        "index": 15,
        "img": "https://cdn.myanimelist.net/images/characters/5/193007.jpg",
        "jawaban": "zeno zoldyck",
        "deskripsi": "DARI ANIME *HUNTER X HUNTER*."
    },
    {
        "index": 16,
        "img": "https://cdn.myanimelist.net/images/characters/15/422028.jpg",
        "jawaban": "keyaru",
        "deskripsi": "DARI ANIME *KAIFUKU JUTSUSHI NO YARINAOSHI*."
    },
    {
        "index": 17,
        "img": "https://cdn.myanimelist.net/images/characters/5/451438.jpg",
        "jawaban": "hitohito",
        "deskripsi": "DARI ANIME *KOMI-SAN WA*."
    },
    {
        "index": 18,
        "img": "https://cdn.myanimelist.net/images/characters/8/337177.jpg",
        "jawaban": "nanami kiryuu",
        "deskripsi": "DARI ANIME *SHOUJO KAKUMEI*."
    },
    {
        "index": 19,
        "img": "https://cdn.myanimelist.net/images/characters/13/94476.jpg",
        "jawaban": "Ryoushi morino",
        "deskripsi": "DARI ANIME *OOKAMI-SAN TO SHINCININ*."
    },
    {
        "index": 20,
        "img": "https://cdn.myanimelist.net/images/characters/13/234461.jpg",
        "jawaban": "Ryouma ichijou",
        "deskripsi": "DARI ANIME *LOVE STAGE*."
    },
    {
        "index": 21,
        "img": "https://cdn.myanimelist.net/images/characters/5/158639.jpg",
        "jawaban": "Aiko tanaka",
        "deskripsi": "DARI ANIME *OYASUMI PUNPUN*."
    },
    {
        "index": 22,
        "img": "https://cdn.myanimelist.net/images/characters/4/383544.jpg",
        "jawaban": "Rika sonezaki",
        "deskripsi": "DARI ANIME *ARABURU KISETSU NO OTOME*."
    },
    {
        "index": 23,
        "img": "https://cdn.myanimelist.net/images/characters/5/113709.jpg",
        "jawaban": "Ayame sarutobi",
        "deskripsi": "DARI ANIME *GINTAMA*."
    },
    {
        "index": 24,
        "img": "https://cdn.myanimelist.net/images/characters/9/409640.jpg",
        "jawaban": "Belfast",
        "deskripsi": "DARI ANIME *AZUR LANE*."
    },
    {
        "index": 25,
        "img": "https://cdn.myanimelist.net/images/characters/2/281168.jpg",
        "jawaban": "yuuki nonaka",
        "deskripsi": "DARI ANIME *SHINMAI MAOU TESTAMENT*."
    },
    {
        "index": 26,
        "img": "https://cdn.myanimelist.net/images/characters/16/301650.jpg",
        "jawaban": "Hizashi yamada",
        "deskripsi": "DARI ANIME *BOKU NO HERO ACADEMIA*."
    },
    {
        "index": 27,
        "img": "https://cdn.myanimelist.net/images/characters/16/333329.jpg",
        "jawaban": "Yumina urnea belfast",
        "deskripsi": "DARI ANIME *ISEKAI WA SMARTPHONE*."
    },
    {
        "index": 28,
        "img": "https://cdn.myanimelist.net/images/characters/3/333314.jpg",
        "jawaban": "Gilbert bougainvillea",
        "deskripsi": "DARI ANIME *VIOLET EVERGARDEN*."
    },
    {
        "index": 29,
        "img": "https://cdn.myanimelist.net/images/characters/8/366576.jpg",
        "jawaban": "Nemuri kayama",
        "deskripsi": "DARI ANIME *BOKU NO HERO ACADEMIA*."
    },
    {
        "index": 30,
        "img": "https://cdn.myanimelist.net/images/characters/9/333693.jpg",
        "jawaban": "Tsurumaru kuniga",
        "deskripsi": "DARI ANIME *ZERO TOUKEN RANBU*."
    },
    {
        "index": 31,
        "img": "https://cdn.myanimelist.net/images/characters/8/241475.jpg",
        "jawaban": "Eikichi onizuka",
        "deskripsi": "DARI ANIME *SHONAN JUNAI GUMI*."
    },
    {
        "index": 32,
        "img": "https://cdn.myanimelist.net/images/characters/15/101411.jpg",
        "jawaban": "Kyousuke kousaka",
        "deskripsi": "DARI ANIME *ORE NO IMOUTO GA KONNAI*."
    },
    {
        "index": 33,
        "img": "https://cdn.myanimelist.net/images/characters/9/131319.jpg",
        "jawaban": "Deidara",
        "deskripsi": "DARI ANIME *NARUTO SHIPPUDEN*."
    },
    {
        "index": 34,
        "img": "https://cdn.myanimelist.net/images/characters/3/232207.jpg",
        "jawaban": "Natsu",
        "deskripsi": "DARI ANIME *NARUTO SHIPPUDEN*."
    },
    {
        "index": 35,
        "img": "https://cdn.myanimelist.net/images/characters/11/333682.jpg",
        "jawaban": "Satella",
        "deskripsi": "DARI ANIME *RE:ZERO HAJIMERU ISEKAI SEIKATSU*."
    },
    {
        "index": 36,
        "img": "https://cdn.myanimelist.net/images/characters/6/210655.jpg",
        "jawaban": "Yuuji kashima",
        "deskripsi": "DARI ANIME *SOUKAN YUUGI*."
    },
    {
        "index": 37,
        "img": "https://cdn.myanimelist.net/images/characters/10/90685.jpg",
        "jawaban": "Sayako kuwahara",
        "deskripsi": "DARI ANIME *BAMBOO BLADE*."
    },
    {
        "index": 38,
        "img": "https://cdn.myanimelist.net/images/characters/15/235383.jpg",
        "jawaban": "Tetsuya yuuki",
        "deskripsi": "DARI ANIME *DIAMOND NO ACE*."
    },
    {
        "index": 39,
        "img": "https://cdn.myanimelist.net/images/characters/4/182597.jpg",
        "jawaban": "Dante",
        "deskripsi": "DARI ANIME *ARCANA FAMIGLIA*."
    },
    {
        "index": 40,
        "img": "https://cdn.myanimelist.net/images/characters/6/120294.jpg",
        "jawaban": "Kokoro tokunaga",
        "deskripsi": "DARI ANIME *AISHITERUZE BABY*."
    },
    {
        "index": 41,
        "img": "https://cdn.myanimelist.net/images/characters/6/101428.jpg",
        "jawaban": "Takuto tsunashi",
        "deskripsi": "DARI ANIME *STAR DRIVE THE MOVIE*."
    },
    {
        "index": 42,
        "img": "https://cdn.myanimelist.net/images/characters/10/274780.jpg",
        "jawaban": "Jack rakan",
        "deskripsi": "DARI ANIME *MAHOU SENSEI NEGIMA*."
    },
    {
        "index": 43,
        "img": "https://cdn.myanimelist.net/images/characters/11/330152.jpg",
        "jawaban": "Chiaki hoshinomori",
        "deskripsi": "DARI ANIME *GAMERS*."
    },
    {
        "index": 44,
        "img": "https://cdn.myanimelist.net/images/characters/5/277937.jpg",
        "jawaban": "Chiyomi anzai",
        "deskripsi": "DARI ANIME *GIRLS & PANZER*."
    },
    {
        "index": 45,
        "img": "https://cdn.myanimelist.net/images/characters/15/255085.jpg",
        "jawaban": "Osamu dazai",
        "deskripsi": "DARI ANIME *VANILLA VICTION*."
    },
    {
        "index": 46,
        "img": "https://cdn.myanimelist.net/images/characters/14/65654.jpg",
        "jawaban": "Minato nagase",
        "deskripsi": "DARI ANIME *AKANEIRO NI SOMARU SAKA*."
    },
    {
        "index": 47,
        "img": "https://cdn.myanimelist.net/images/characters/4/266433.jpg",
        "jawaban": "Shoukichi naruku",
        "deskripsi": "DARI ANIME *YOWAMUSHI PEDAL*."
    },
    {
        "index": 48,
        "img": "https://cdn.myanimelist.net/images/characters/14/72697.jpg",
        "jawaban": "Casca",
        "deskripsi": "DARI ANIME *BERSERK*."
    },
    {
        "index": 49,
        "img": "https://cdn.myanimelist.net/images/characters/8/279844.jpg",
        "jawaban": "Maria",
        "deskripsi": "DARI ANIME *DEAD HEAT*."
    },
    {
        "index": 50,
        "img": "https://cdn.myanimelist.net/images/characters/2/393528.jpg",
        "jawaban": "Touji fushiguro",
        "deskripsi": "DARI ANIME *JUJUTSU KAISEN*."
    },
    {
        "index": 51,
        "img": "https://cdn.myanimelist.net/images/characters/7/79624.jpg",
        "jawaban": "Akira sendou",
        "deskripsi": "DARI ANIME *SLAM DUNK*."
    },
    {
        "index": 52,
        "img": "https://cdn.myanimelist.net/images/characters/6/160755.jpg",
        "jawaban": "Takashi natsume",
        "deskripsi": "DARI ANIME *NATSUME YUUJIMCHOU ROKU*."
    },
    {
        "index": 53,
        "img": "https://cdn.myanimelist.net/images/characters/2/36738.jpg",
        "jawaban": "Genkai gotou",
        "deskripsi": "DARI ANIME *SCHOOL RUMBLE*."
    },
    {
        "index": 54,
        "img": "https://cdn.myanimelist.net/images/characters/13/287340.jpg",
        "jawaban": "Hana midorikawa",
        "deskripsi": "DARI ANIME *PRISON SCHOOL*."
    },
    {
        "index": 55,
        "img": "https://cdn.myanimelist.net/images/characters/6/285005.jpg",
        "jawaban": "Lenka utsugi",
        "deskripsi": "DARI ANIME *GOD EATER*."
    },
    {
        "index": 56,
        "img": "https://cdn.myanimelist.net/images/characters/13/409785.jpg",
        "jawaban": "Dae-wi han",
        "deskripsi": "DARI ANIME *THE GOD OF HIGH SCHOOL*."
    },
    {
        "index": 57,
        "img": "https://cdn.myanimelist.net/images/characters/3/384671.jpg",
        "jawaban": "Melty q melromac",
        "deskripsi": "DARI ANIME *TATE NO YUUSHA*."
    },
    {
        "index": 58,
        "img": "https://cdn.myanimelist.net/images/characters/15/351744.jpg",
        "jawaban": "Tooru mutsuki",
        "deskripsi": "DARI ANIME *TOKYO GHOUL*."
    },
    {
        "index": 59,
        "img": "https://cdn.myanimelist.net/images/characters/7/189020.jpg",
        "jawaban": "John silver",
        "deskripsi": "DARI ANIME *TAKARAJIMA*."
    },
    {
        "index": 60,
        "img": "https://cdn.myanimelist.net/images/characters/13/85060.jpg",
        "jawaban": "Miu fuurinji",
        "deskripsi": "DARI ANIME *SHIJOU SAIKYOU NO DESHI KENICHI*."
    },
    {
        "index": 61,
        "img": "https://cdn.myanimelist.net/images/characters/14/338240.jpg",
        "jawaban": "Mafuyu kirisu",
        "deskripsi": "DARI ANIME *BOKUTACHI WA BENKYOU GA DEKINAI*."
    },
    {
        "index": 62,
        "img": "https://cdn.myanimelist.net/images/characters/6/377404.jpg",
        "jawaban": "Satowa houzuki",
        "deskripsi": "DARI ANIME *KONO OTO TOMARE*."
    },
    {
        "index": 63,
        "img": "https://cdn.myanimelist.net/images/characters/3/85505.jpg",
        "jawaban": "Kazuya kujou",
        "deskripsi": "DARI ANIME *GOSICK*."
    },
    {
        "index": 64,
        "img": "https://cdn.myanimelist.net/images/characters/8/241659.jpg",
        "jawaban": "Seishirou tsugumi",
        "deskripsi": "DARI ANIME *NISEKOI*."
    },
    {
        "index": 65,
        "img": "https://cdn.myanimelist.net/images/characters/11/366095.jpg",
        "jawaban": "Yuzuki shiraishi",
        "deskripsi": "DARI ANIME *SORA YORI MO TOOI BASHO*."
    },
    {
        "index": 66,
        "img": "https://cdn.myanimelist.net/images/characters/4/370136.jpg",
        "jawaban": "All for one",
        "deskripsi": "DARI ANIME *BOKU NO HERO ACADEMIA*."
    },
    {
        "index": 67,
        "img": "https://cdn.myanimelist.net/images/characters/5/161551.jpg",
        "jawaban": "Tsumiki miniwa",
        "deskripsi": "DARI ANIME *ACCHI KOCCHI*."
    },
    {
        "index": 68,
        "img": "https://cdn.myanimelist.net/images/characters/14/224047.jpg",
        "jawaban": "Hoozuki",
        "deskripsi": "DARI ANIME *HOOZUKI NO REITETSU*."
    },
    {
        "index": 69,
        "img": "https://cdn.myanimelist.net/images/characters/5/437010.jpg",
        "jawaban": "Itsuki nakano",
        "deskripsi": "DARI ANIME *GOTOUBUN NO HANAYOME*."
    },
    {
        "index": 70,
        "img": "https://cdn.myanimelist.net/images/characters/8/358554.jpg",
        "jawaban": "Ichirou irabu",
        "deskripsi": "DARI ANIME *KUUCHUU BURANKO*."
    },
    {
        "index": 71,
        "img": "https://cdn.myanimelist.net/images/characters/10/447637.jpg",
        "jawaban": "Courier",
        "deskripsi": "DARI ANIME *AKUDAMA DRIVE*."
    }
  ]


     
    
    
    
   
   
   